,link,name,city,address 1,address 2,phone 1,phone 2
0,https://www.google.com/search?q=Actionmarguerite+Tache+Winnipeg,Actionmarguerite Tache,Winnipeg,"185 Rue Despins, Winnipeg, MB R2H 2B3",No Address 2,No Phone 1,(204) 233-3692
1,https://www.google.com/search?q=Arborg+Personal+Care+Home+Arborg,Arborg Personal Care Home,Arborg,"233 St Phillips Dr, Arborg, MB R0C 0A0",No Address 2,(204) 376-5226,No Phone 2
2,https://www.google.com/search?q=Ashern+Personal+Care+Home+Ashern,Ashern Personal Care Home,Ashern,No Address 1,"1 Steenson Ave, Ashern, MB R0C 0E0",No Phone 1,(204) 768-5216
3,https://www.google.com/search?q=Baldur+Manor+Personal+Care+Home+Baldur,Baldur Manor Personal Care Home,Baldur,"531 Elizabeth St, Baldur, MB R0K 0B0",No Address 2,(204) 535-2922,No Phone 2
4,https://www.google.com/search?q=Bayside+Personal+Care+Home+Killarney,Bayside Personal Care Home,Killarney,"86 Ellis Dr, Killarney, MB R0K 1G0",No Address 2,(204) 523-3212,No Phone 2
5,https://www.google.com/search?q=Beacon+Hill+Lodge+Winnipeg,Beacon Hill Lodge,Winnipeg,"190 Fort St, Winnipeg, MB R3C 1C9",No Address 2,No Phone 1,(204) 942-7541
6,https://www.google.com/search?q=Benito+Health+Centre+Benito,Benito Health Centre,Benito,"1 St E, Benito, MB R0L 0C0",No Address 2,No Phone 1,No Phone 2
7,https://www.google.com/search?q=Betel+Personal+Care+Home+-+Gimli+Gimli,Betel Personal Care Home - Gimli,Gimli,"212 Manchester Ave, Selkirk, MB R1A 0B7",No Address 2,(204) 482-5469,No Phone 2
8,https://www.google.com/search?q=Betel+Personal+Care+Home+-+Selkirk+Selkirk,Betel Personal Care Home - Selkirk,Selkirk,"212 Manchester Ave, Selkirk, MB R1A 0B7",No Address 2,(204) 482-5469,No Phone 2
9,https://www.google.com/search?q=Bethania+Mennonite+Personal+Care+Home+Winnipeg,Bethania Mennonite Personal Care Home,Winnipeg,No Address 1,"1045 Concordia Ave, Winnipeg, MB R2K 3S7",No Phone 1,(204) 667-0795
10,https://www.google.com/search?q=Bethesda+Place+Steinbach,Bethesda Place,Steinbach,"399 Hospital St, Steinbach, MB R5G 0E6",No Address 2,(204) 326-6411,No Phone 2
11,https://www.google.com/search?q=Birtle+Health+Centre/Sunnyside+Manor+Birtle,Birtle Health Centre/Sunnyside Manor,Birtle,"843 Gertrude St, Birtle, MB R0M 0C0",No Address 2,(204) 842-3317,No Phone 2
12,https://www.google.com/search?q=Boissevain+PCH/Evergreen+Place+Boissevain,Boissevain PCH/Evergreen Place,Boissevain,"305 Mill Rd, Boissevain, MB R0K 0E0",No Address 2,(204) 534-3337,No Phone 2
13,https://www.google.com/search?q=Boyne+Lodge+Carman,Boyne Lodge,Carman,No Address 1,"120 4 Ave SW, Carman, MB R0G 0J0",No Phone 1,(204) 745-6715
14,https://www.google.com/search?q=Bren+Del+Win+Lodge+Deloraine,Bren Del Win Lodge,Deloraine,No Address 1,"103 Kellett St, Deloraine, MB R0M 0M0",No Phone 1,(204) 747-1826
15,https://www.google.com/search?q=Calvary+Place+Personal+Care+Home+Winnipeg,Calvary Place Personal Care Home,Winnipeg,No Address 1,"1325 Erin St, Winnipeg, MB R3E 3R6",No Phone 1,No Phone 2
16,https://www.google.com/search?q=Carberry+Personal+Care+Home+Carberry,Carberry Personal Care Home,Carberry,No Address 1,"340 Toronto St, Carberry, MB R0K 0H0",No Phone 1,No Phone 2
17,https://www.google.com/search?q=Charleswood+Care+Centre+Winnipeg,Charleswood Care Centre,Winnipeg,"5501 Roblin Blvd, Winnipeg, MB R3R 0G8",No Address 2,No Phone 1,(204) 888-3363
18,https://www.google.com/search?q=Concordia+Place+Winnipeg,Concordia Place,Winnipeg,"1000 Molson St, Winnipeg, MB R2K 4L5",No Address 2,(204) 661-7372,No Phone 2
19,https://www.google.com/search?q=Crocus+Court+Personal+Care+Home+Roblin,Crocus Court Personal Care Home,Roblin,No Address 1,"15 Hospital St, Roblin, MB R0L 1P0",No Phone 1,(204) 937-2149
20,https://www.google.com/search?q=Dakota+Oyate+Lodge+Griswold,Dakota Oyate Lodge,Griswold,"Sifton, MB R0M 0S0",No Address 2,No Phone 1,(204) 855-2354
21,https://www.google.com/search?q=Dauphin+Personal+Care+Home+Dauphin,Dauphin Personal Care Home,Dauphin,No Address 1,"625 3 St SW, Dauphin, MB R7N 1R7",No Phone 1,No Phone 2
22,https://www.google.com/search?q=Deer+Lodge+Centre+Winnipeg,Deer Lodge Centre,Winnipeg,No Address 1,No Address 2,No Phone 1,No Phone 2
23,https://www.google.com/search?q=Delwynda+Court+Deloraine,Delwynda Court,Deloraine,"109 Kellett St, Deloraine, MB R0M 0M0",No Address 2,No Phone 1,(204) 747-2243
24,https://www.google.com/search?q=Dinsdale+Personal+Care+Home+Brandon,Dinsdale Personal Care Home,Brandon,"510 6th St, Brandon, MB R7A 3N9",No Address 2,No Phone 1,(204) 727-3636
25,https://www.google.com/search?q=Donwood+Manor+Winnipeg,Donwood Manor,Winnipeg,No Address 1,"171 Donwood Dr, Winnipeg, MB R2G 0V9",No Phone 1,No Phone 2
26,https://www.google.com/search?q=Douglas+Campbell+Lodge+Portage+la+Prairie,Douglas Campbell Lodge,Portage la Prairie,"150 9 St SE, Portage la Prairie, MB R1N 3T6",No Address 2,(204) 239-6006,No Phone 2
27,https://www.google.com/search?q=Dr+Gendreau+Personal+Care+Home+Ste.+Rose+du+Lac,Dr Gendreau Personal Care Home,Ste. Rose du Lac,No Address 1,"515 Mission St, Sainte Rose du Lac, MB R0L 1S0",No Phone 1,(204) 447-2019
28,https://www.google.com/search?q=East+Gate+Lodge+Personal+Care+Home+Beausejour,East Gate Lodge Personal Care Home,Beausejour,No Address 1,"646 James Ave, Beausejour, MB R0E 0C0",No Phone 1,(204) 268-1029
29,https://www.google.com/search?q=Eastview+Place+Memorial+Health+Centre+Altona,Eastview Place Memorial Health Centre,Altona,"240 5 Ave NE, Altona, MB R0G 0B0",No Address 2,No Phone 1,(204) 324-6411
30,https://www.google.com/search?q=Elkhorn+PCH/Elkwood+Manor+Elkhorn,Elkhorn PCH/Elkwood Manor,Elkhorn,"Antrim St, Elkhorn, MB R0M 0N0",No Address 2,(204) 845-2575,No Phone 2
31,https://www.google.com/search?q=Emerson+Health+Centre+Personal+Care+Home+Emerson,Emerson Health Centre Personal Care Home,Emerson,"26 Main St, Emerson, MB R0A 0L0",No Address 2,(204) 373-2109,No Phone 2
32,https://www.google.com/search?q=Erickson+Personal+Care+Home+Erickson,Erickson Personal Care Home,Erickson,No Address 1,"60 Queen Elizabeth Ave, Erickson, MB R0J 0P0",No Phone 1,(204) 636-7777
33,https://www.google.com/search?q=Eriksdale+Personal+Care+Home+Eriksdale,Eriksdale Personal Care Home,Eriksdale,"Eriksdale, MB R0C 0W0",No Address 2,(204) 739-4416,No Phone 2
34,https://www.google.com/search?q=Fairview+Personal+Care+Home+Brandon,Fairview Personal Care Home,Brandon,"1351 13 St, Brandon, MB R7A 4S6",No Address 2,No Phone 1,(204) 578-2600
35,https://www.google.com/search?q=Fisher+Personal+Care+Home+Fisher+Branch,Fisher Personal Care Home,Fisher Branch,No Address 1,"7 Chalet Dr, Fisher Branch, MB R0C 0Z0",No Phone 1,(204) 372-8703
36,https://www.google.com/search?q=Flin+Flon+Personal+Care+Home+Flin+Flon,Flin Flon Personal Care Home,Flin Flon,No Address 1,"50 Church St, Flin Flon, MB R8A 1K7",No Phone 1,(204) 687-9630
37,https://www.google.com/search?q=Foyer+Notre+Dame+Notre+Dame+de+Lourdes,Foyer Notre Dame,Notre Dame de Lourdes,No Address 1,"40 Rue Rogers, Notre Dame de Lourdes, MB R0G 1M0",No Phone 1,(204) 248-2092
38,https://www.google.com/search?q=Foyer+Valade+(Actionmarguerite)+Winnipeg,Foyer Valade (Actionmarguerite),Winnipeg,"450 River Rd, Winnipeg, MB R2M 5M4",No Address 2,(204) 254-3332,No Phone 2
39,https://www.google.com/search?q=Fred+Douglas+Lodge+Personal+Care+Home+Winnipeg,Fred Douglas Lodge Personal Care Home,Winnipeg,No Address 1,"1275 Burrows Ave, Winnipeg, MB R2X 0B8",No Phone 1,No Phone 2
40,https://www.google.com/search?q=George+Colon+Memorial+Home+PCH+Oxford+House,George Colon Memorial Home PCH,Oxford House,"Oxford House, MB R0B 1C0",No Address 2,(204) 538-2560,No Phone 2
41,https://www.google.com/search?q=George+M+Guimond+Care+Centre+Fort+Alexander,George M Guimond Care Centre,Fort Alexander,"50229 MB-11, Fort Alexander, MB R0E 0P0",No Address 2,No Phone 1,(204) 367-2245
42,https://www.google.com/search?q=Gilbert+PLains+Health+Centre+Gilbert+Plains,Gilbert PLains Health Centre,Gilbert Plains,"100 Cutforth St N, Gilbert Plains, MB R0L 0X0",No Address 2,(204) 548-2161,No Phone 2
43,https://www.google.com/search?q=Gillam+Hospital+Gillam,Gillam Hospital,Gillam,"15 Gillam Dr, Gillam, MB R0B 0L0",No Address 2,No Phone 1,(204) 652-2600
44,https://www.google.com/search?q=Glenboro+Personal+Care+Home+Glenboro,Glenboro Personal Care Home,Glenboro,"219 Murray Ave, Glenboro, MB R0K 0X0",No Address 2,No Phone 1,No Phone 2
45,https://www.google.com/search?q=Golden+Door+Geriatric+Centre+Winnipeg,Golden Door Geriatric Centre,Winnipeg,"1679 Pembina Hwy, Winnipeg, MB R3T 2G6",No Address 2,(204) 269-6308,No Phone 2
46,https://www.google.com/search?q=Golden+Links+Lodge+Winnipeg,Golden Links Lodge,Winnipeg,No Address 1,"2280 St Mary's Rd, Winnipeg, MB R2N 3Z6",No Phone 1,(204) 257-9947
47,https://www.google.com/search?q=Golden+West+Centennial+Lodge+Winnipeg,Golden West Centennial Lodge,Winnipeg,No Address 1,"811 School Rd, Winnipeg, MB R2Y 0S8",No Phone 1,No Phone 2
48,https://www.google.com/search?q=Goodwin+Lodge+Personal+Care+Home+Teulon,Goodwin Lodge Personal Care Home,Teulon,No Address 1,"162 3 Ave SE, Teulon, MB R0C 3B0",No Phone 1,(204) 886-2108
49,https://www.google.com/search?q=Grandview+Personal+Care+Home+Grandview,Grandview Personal Care Home,Grandview,"644 Mill St, Grandview, MB R0L 0Y0",No Address 2,No Phone 1,(204) 546-2425
50,https://www.google.com/search?q=Hamiota+Personal+Care+Home+Hamiota,Hamiota Personal Care Home,Hamiota,"177 Birch Ave, Hamiota, MB R0M 0T0",No Address 2,(204) 764-2412,No Phone 2
51,https://www.google.com/search?q=Hartney+Personal+Care+home+Hartney,Hartney Personal Care home,Hartney,"617 River Ave, Hartney, MB R0M 0X0",No Address 2,(204) 858-2054,No Phone 2
52,https://www.google.com/search?q=Heritage+Lodge+Long+Term+Care+Home+Winnipeg,Heritage Lodge Long Term Care Home,Winnipeg,"3555 Portage Ave, Winnipeg, MB R3K 0X2",No Address 2,No Phone 1,(204) 888-7940
53,https://www.google.com/search?q=Hillcrest+Place+Brandon,Hillcrest Place,Brandon,No Address 1,"930 26th St, Brandon, MB R7B 2B8",No Phone 1,No Phone 2
54,https://www.google.com/search?q=Holy+Family+Nursing+Home+Winnipeg,Holy Family Nursing Home,Winnipeg,No Address 1,"165 Aberdeen Avenue, Winnipeg, MB R2W 1T9",No Phone 1,No Phone 2
55,https://www.google.com/search?q=Kildonan+Personal+City+Centre+Winnipeg,Kildonan Personal City Centre,Winnipeg,"1970 Henderson Hwy, Winnipeg, MB R2G 1P2",No Address 2,No Phone 1,(204) 334-4633
56,https://www.google.com/search?q=Kin+Place+Personal+Care+Home+Oakbank,Kin Place Personal Care Home,Oakbank,"680 Pine Dr, Oakbank, MB R0E 1J0",No Address 2,(204) 444-2004,No Phone 2
57,https://www.google.com/search?q=Lac+du+Bonnet+Personal+Care+Home+Lac+du+Bonnet,Lac du Bonnet Personal Care Home,Lac du Bonnet,No Address 1,"75 McIntosh St E, Lac du Bonnet, MB R0E 1A0",No Phone 1,(204) 345-1222
58,https://www.google.com/search?q=Lions+Personal+Care+Centre+Winnipeg,Lions Personal Care Centre,Winnipeg,"320 Sherbrook St, Winnipeg, MB R3B 2W6",No Address 2,No Phone 1,(204) 784-1240
59,https://www.google.com/search?q=Lions+Prairie+Manor+PCH+Portage+la+Prairie,Lions Prairie Manor PCH,Portage la Prairie,"24 9th St SE, Portage la Prairie, MB R1N 3V4",No Address 2,(204) 857-7864,No Phone 2
60,https://www.google.com/search?q=Lundar+Personal+Care+Home+Lundar,Lundar Personal Care Home,Lundar,No Address 1,"38 Main St, Lundar, MB R0C 1Y0",No Phone 1,(204) 762-5609
61,https://www.google.com/search?q=Luther+Home+Winnipeg,Luther Home,Winnipeg,"1081 Andrews St, Winnipeg, MB R2V 2G9",No Address 2,No Phone 1,(204) 338-4641
62,https://www.google.com/search?q=Lynn+Lake+Hospital+PCH+Lynn+Lake,Lynn Lake Hospital PCH,Lynn Lake,"640 Camp St, Lynn Lake, MB R0B 0W0",No Address 2,No Phone 1,(204) 356-2474
63,https://www.google.com/search?q=MacGregor+Personal+Care+Home+MacGregor,MacGregor Personal Care Home,MacGregor,"87 Grafton St, MacGregor, MB R0H 0R0",No Address 2,No Phone 1,(204) 685-2850
64,https://www.google.com/search?q=Maples+Long+Term+Care+Home+Winnipeg,Maples Long Term Care Home,Winnipeg,"500 Mandalay Dr, Winnipeg, MB R2P 1V4",No Address 2,No Phone 1,(204) 632-8570
65,https://www.google.com/search?q=McCreary+Alonsa+Personal+Care+Home+McCreary,McCreary Alonsa Personal Care Home,McCreary,No Address 1,"613 MB-50, McCreary, MB R0J 1B0",No Phone 1,(204) 835-2797
66,https://www.google.com/search?q=McGillivary+Care+Home+Opaskwayak,McGillivary Care Home,Opaskwayak,"56 Kiche Maskanow, Opaskwayak, MB R0B 2J0",No Address 2,(204) 623-5421,No Phone 2
67,https://www.google.com/search?q=Meadowood+Manor+Winnipeg,Meadowood Manor,Winnipeg,"577 St Anne's Rd, Winnipeg, MB R2M 3G5",No Address 2,No Phone 1,(204) 257-2394
68,https://www.google.com/search?q=Melita+Personal+Care+Home+Melita,Melita Personal Care Home,Melita,"147 Summit St, Melita, MB R0M 1L0",No Address 2,(204) 522-3975,No Phone 2
69,https://www.google.com/search?q=Menno+Home+Grunthal,Menno Home,Grunthal,"235 Park St, Grunthal, MB R0A 0R0",No Address 2,(204) 434-6496,No Phone 2
70,https://www.google.com/search?q=Middlechurch+Personal+Care+Home+Winnipeg,Middlechurch Personal Care Home,Winnipeg,No Address 1,"280 Balderstone Rd, West Saint Paul, MB R4A 4A6",No Phone 1,No Phone 2
71,https://www.google.com/search?q=Minnedosa+Personal+Care+Home+Minnedosa,Minnedosa Personal Care Home,Minnedosa,"138 3rd Ave SW, Minnedosa, MB R0J 1E0",No Address 2,(204) 867-2569,No Phone 2
72,https://www.google.com/search?q=Misericordia+Health+Centre+Winnipeg,Misericordia Health Centre,Winnipeg,No Address 1,No Address 2,No Phone 1,No Phone 2
73,https://www.google.com/search?q=Misericordia+Place+Winnipeg,Misericordia Place,Winnipeg,No Address 1,"44 Furby St, Winnipeg, MB R3C 2A1",No Phone 1,(204) 774-6581
74,https://www.google.com/search?q=Morley+House+PCH+-+Shoal+Lake+Shoal+Lake,Morley House PCH - Shoal Lake,Shoal Lake,No Address 1,No Address 2,No Phone 1,No Phone 2
75,https://www.google.com/search?q=Neepawa+PCH+Country+Meadows+Neepawa,Neepawa PCH Country Meadows,Neepawa,No Address 1,"500 Veterans Way, Neepawa, MB R0J 1H0",No Phone 1,(204) 476-2383
76,https://www.google.com/search?q=Nisichawayasihk+Nelson+House+PCH+Nelson+House,Nisichawayasihk Nelson House PCH,Nelson House,"Nelson House, MB R0B 1A0",No Address 2,No Phone 1,(204) 484-2350
77,https://www.google.com/search?q=Niverville+Heritage+Life+PCH+Niverville,Niverville Heritage Life PCH,Niverville,No Address 1,"100A Heritage Trail, Niverville, MB R0A 0A1",No Phone 1,(204) 388-2181
78,https://www.google.com/search?q=Northern+Lights+Manor+Flin+Flon,Northern Lights Manor,Flin Flon,No Address 1,"274 Bracken St, Flin Flon, MB R8A 1P4",No Phone 1,(204) 687-7325
79,https://www.google.com/search?q=Northern+Spirit+Manor+Thompson,Northern Spirit Manor,Thompson,No Address 1,"879 Thompson Dr, Thompson, MB R8N 0A9",No Phone 1,(204) 778-3805
80,https://www.google.com/search?q=Oakview+Place+Winnipeg,Oakview Place,Winnipeg,"2395 Ness Ave, Winnipeg, MB R3J 1A5",No Address 2,No Phone 1,(204) 888-3005
81,https://www.google.com/search?q=Ochekwi+Sipi+Cree+Nation+PCH+(Fisher+River)+Koostatak,Ochekwi Sipi Cree Nation PCH (Fisher River),Koostatak,No Address 1,Manitoba R0C 0S0,No Phone 1,(204) 645-2811
82,https://www.google.com/search?q=Park+Manor+Personal+Care+Home+Winnipeg,Park Manor Personal Care Home,Winnipeg,No Address 1,"301 Redonda St, Winnipeg, MB R2C 1L7",No Phone 1,No Phone 2
83,https://www.google.com/search?q=Parkview+Place+Long+Term+Care+Home+Winnipeg,Parkview Place Long Term Care Home,Winnipeg,"440 Edmonton St, Winnipeg, MB R3B 2M4",No Address 2,(204) 942-5291,No Phone 2
84,https://www.google.com/search?q=Pembina+Manitou+Health+Centre+-+PCH+Manitou,Pembina Manitou Health Centre - PCH,Manitou,"232 Carrie St, Manitou, MB R0G 1G0",No Address 2,(204) 242-2744,No Phone 2
85,https://www.google.com/search?q=Pembina+Place+Mennonite+PCH+Winnipeg,Pembina Place Mennonite PCH,Winnipeg,"285 Pembina Hwy, Winnipeg, MB R3L 2E1",No Address 2,(204) 284-0802,No Phone 2
86,https://www.google.com/search?q=Pinaow+Wachi+Inc.+Norway+House,Pinaow Wachi Inc.,Norway House,"Norway House, MB R0B 1B0",No Address 2,No Phone 1,(204) 359-6949
87,https://www.google.com/search?q=Poseidon+Long+Term+Care+Winnipeg,Poseidon Long Term Care,Winnipeg,"70 Poseidon Bay, Winnipeg, MB R3M 3E5",No Address 2,No Phone 1,(204) 452-6204
88,https://www.google.com/search?q=Prairie+View+Lodge+Pilot+Mound,Prairie View Lodge,Pilot Mound,"424 Broadway Ave, Pilot Mound, MB R0G 1P0",No Address 2,(204) 825-2717,No Phone 2
89,https://www.google.com/search?q=Red+River+Place+Selkirk,Red River Place,Selkirk,No Address 1,"133 Manchester Ave, Selkirk, MB R1A 0B5",No Phone 1,No Phone 2
90,https://www.google.com/search?q=Red+River+Valley+Lodge+Morris,Red River Valley Lodge,Morris,"136 Ottawa Ave, Morris, MB R0G 1K0",No Address 2,No Phone 1,(204) 746-2394
91,https://www.google.com/search?q=Repos+Jolys+St.+Pierre+Jolys,Repos Jolys,St. Pierre Jolys,"354 Av. Prefontaine, St Pierre-Jolys, MB R0A 1V0",No Address 2,(204) 433-7443,No Phone 2
92,https://www.google.com/search?q=Rest+Haven+Care+Home+Steinbach,Rest Haven Care Home,Steinbach,"185 Woodhaven Ave, Steinbach, MB R5G 1K7",No Address 2,No Phone 1,(204) 326-2206
93,https://www.google.com/search?q=Reston+Willowview+Personal+Care+Centre+Reston,Reston Willowview Personal Care Centre,Reston,"523 1st St W, Reston, MB R0M 1X0",No Address 2,(204) 877-3925,No Phone 2
94,https://www.google.com/search?q=Rideau+Park+Personal+Care+Home+Brandon,Rideau Park Personal Care Home,Brandon,No Address 1,"525 Victoria Ave E, Brandon, MB R7A 6S9",No Phone 1,(204) 578-2670
95,https://www.google.com/search?q=River+East+Personal+Care+Home+Winnipeg,River East Personal Care Home,Winnipeg,"1375 Molson St, Winnipeg, MB R2K 4K8",No Address 2,(204) 668-7460,No Phone 2
96,https://www.google.com/search?q=River+Park+Gardens+Winnipeg,River Park Gardens,Winnipeg,No Address 1,"735 St Anne's Rd, Winnipeg, MB R2N 0C4",No Phone 1,(204) 255-9073
97,https://www.google.com/search?q=Riverdale+Personal+Care+Home +Rivers,Riverdale Personal Care Home ,Rivers,"512 Quebec St, Rivers, MB R0K 1X0",No Address 2,(204) 328-5321,No Phone 2
98,https://www.google.com/search?q=Riverview+Health+Centre+Winnipeg,Riverview Health Centre,Winnipeg,No Address 1,"One Morley Avenue, Winnipeg, MB R3L 2P4",No Phone 1,No Phone 2
99,https://www.google.com/search?q=Rock+Lake+Personal+Care+Home+Pilot+Mound,Rock Lake Personal Care Home,Pilot Mound,"115 Brown St, Pilot Mound, MB R0G 1P0",No Address 2,(204) 825-2246,No Phone 2
100,https://www.google.com/search?q=Rosewood+Lodge+Personal+Care+Home+Stonewall,Rosewood Lodge Personal Care Home,Stonewall,No Address 1,"513 1 Ave N, Stonewall, MB R0C 2Z0",No Phone 1,(204) 467-5257
101,https://www.google.com/search?q=Rossburn+Personal+Care+Home+Rossburn,Rossburn Personal Care Home,Rossburn,No Address 1,"166 Parkview Dr, Rossburn, MB R0J 1V0",No Phone 1,(204) 859-2413
102,https://www.google.com/search?q=Russell+Personal+Care+Home+Russell,Russell Personal Care Home,Russell,"113 Arsini St E, Russell, MB R0J 1W0",No Address 2,(204) 773-3117,No Phone 2
103,https://www.google.com/search?q=Salem+House+Inc+Winkler,Salem House Inc,Winkler,No Address 1,"165 15th St, Winkler, MB R6W 1T8",No Phone 1,No Phone 2
104,https://www.google.com/search?q=Sandy+Lake+Personal+Care+Home+Sandy+Lake,Sandy Lake Personal Care Home,Sandy Lake,"106 1st St SW, Sandy Lake, MB R0J 1X0",No Address 2,(204) 585-2107,No Phone 2
105,https://www.google.com/search?q=Sherwood+Nursing+Home+Virden,Sherwood Nursing Home,Virden,"223 Hargrave St, Virden, MB R0M 2C0",No Address 2,(204) 748-1546,No Phone 2
106,https://www.google.com/search?q=Snow+Lake+Health+Center+Snow+Lake,Snow Lake Health Center,Snow Lake,"100 Lakeshore Dr, Snow Lake, MB R0B 1M0",No Address 2,(204) 358-2300,No Phone 2
107,https://www.google.com/search?q=Souris+Health+Centre+-+PCH+Souris,Souris Health Centre - PCH,Souris,"155 Brindle Ave, Souris, MB R0K 2C0",No Address 2,No Phone 1,(204) 483-2121
108,https://www.google.com/search?q=Southeast+Personal+Care+Home+Winnipeg,Southeast Personal Care Home,Winnipeg,"1265 Lee Blvd, Winnipeg, MB R3T 2M3",No Address 2,(204) 269-7111,No Phone 2
109,https://www.google.com/search?q=St.+Claude+Health+Centre+St.+Claude,St. Claude Health Centre,St. Claude,"33 Roy St, Saint Claude, MB R0G 1Z0",No Address 2,No Phone 1,(204) 379-2211
110,https://www.google.com/search?q=St+Joseph's+Residence+(Actionmarguerite)+Winnipeg,St Joseph's Residence (Actionmarguerite),Winnipeg,"St.Joseph's 1149 Residence, 1149 Leila Ave, Winnipeg, MB R2P 1S6",No Address 2,(204) 697-8031,No Phone 2
111,https://www.google.com/search?q=St+Nobert+Personal+Care+home+Winnipeg,St Nobert Personal Care home,Winnipeg,"50 Rue St Pierre Street, Winnipeg, MB R3V 1G5",No Address 2,No Phone 1,(204) 269-4538
112,https://www.google.com/search?q=St+Paul's+Home+Dauphin,St Paul's Home,Dauphin,"703 Jackson St, Dauphin, MB R7N 2N2",No Address 2,(204) 638-3129,No Phone 2
113,https://www.google.com/search?q=St+Paul's+Personal+Care+home+The+Pas,St Paul's Personal Care home,The Pas,No Address 1,"34 2 St W, The Pas, MB R9A 1K4",No Phone 1,No Phone 2
114,https://www.google.com/search?q=Sunnywood+Manor+Personal+Care+Home +Pine+Falls,Sunnywood Manor Personal Care Home ,Pine Falls,No Address 1,"4 Spruce St, Pine Falls, MB R0E 1M0",No Phone 1,(204) 367-8201
115,https://www.google.com/search?q=Swan+River+Valley+Personal+Care+Home+Swan+River,Swan River Valley Personal Care Home,Swan River,"334 8 Ave S, Swan River, MB R0L 1Z0",No Address 2,(204) 734-4521,No Phone 2
116,https://www.google.com/search?q=Swan+Valley+Lodge+Personal+Care+Home+Swan+River,Swan Valley Lodge Personal Care Home,Swan River,No Address 1,"1013 Main St E, Swan River, MB R0L 1Z0",No Phone 1,(204) 734-3441
117,https://www.google.com/search?q=Tabor+Home+Inc+Morden,Tabor Home Inc,Morden,"450 Loren Dr, Morden, MB R6M 0E3",No Address 2,(204) 822-4848,No Phone 2
118,https://www.google.com/search?q=The+Convalescent+Home+of+Winnipeg+Winnipeg,The Convalescent Home of Winnipeg,Winnipeg,"276 Hugo St N, Winnipeg, MB R3M 2N6",No Address 2,No Phone 1,(204) 453-4663
119,https://www.google.com/search?q=The+Saul+and+Glaribel+Simkin+Centre+Winnipeg,The Saul and Glaribel Simkin Centre,Winnipeg,"1 Falcon Ridge Dr, Winnipeg, MB R3Y 1V9",No Address 2,No Phone 1,(204) 586-9781
120,https://www.google.com/search?q=Third+Crossing+Manor+Gladstone,Third Crossing Manor,Gladstone,No Address 1,"175 Dennis St, Gladstone, MB R0J 0T0",No Phone 1,(204) 385-2474
121,https://www.google.com/search?q=Tiger+Hills+Health+Centre+PCH+Treherne,Tiger Hills Health Centre PCH,Treherne,No Address 1,"64 Clark St, Treherne, MB R0G 2V0",No Phone 1,No Phone 2
122,https://www.google.com/search?q=Tri+Lake+Personal+Care+Home+Killarney,Tri Lake Personal Care Home,Killarney,No Address 1,"86 Ellis Dr, Killarney, MB R0K 1G0",No Phone 1,No Phone 2
123,https://www.google.com/search?q=Tudor+House+Personal+Care+Home+Selkirk,Tudor House Personal Care Home,Selkirk,No Address 1,"800 Manitoba Ave, Selkirk, MB R1A 2C9",No Phone 1,(204) 482-6601
124,https://www.google.com/search?q=Tuxedo+Villa+Winnipeg,Tuxedo Villa,Winnipeg,No Address 1,"2060 Corydon Ave, Winnipeg, MB R3P 0N3",No Phone 1,(204) 889-2650
125,https://www.google.com/search?q=Valleyview+Care+Centre+Brandon,Valleyview Care Centre,Brandon,"3015 Victoria Ave, Brandon, MB R7B 2K2",No Address 2,No Phone 1,(204) 728-2030
126,https://www.google.com/search?q=Villa+Youville+Ste.+Anne,Villa Youville,Ste. Anne,"15 Charrière Rd, Ste Anne, MB R5H 1C9",No Address 2,No Phone 1,(204) 422-5624
127,https://www.google.com/search?q=Vista+Park+Lodge+Winnipeg,Vista Park Lodge,Winnipeg,No Address 1,"144 Novavista Dr, Winnipeg, MB R2N 1P8",No Phone 1,No Phone 2
128,https://www.google.com/search?q=Vita+Personal+Care+Home+Vita,Vita Personal Care Home,Vita,No Address 1,No Address 2,No Phone 1,No Phone 2
129,https://www.google.com/search?q=Wawanesa+Personal+Care+Home+Wawanesa,Wawanesa Personal Care Home,Wawanesa,"1985 W Broadway, Vancouver, BC V6J 1Y5",No Address 2,No Phone 1,(604) 739-5440
130,https://www.google.com/search?q=West+Park+Manor+Winnipeg,West Park Manor,Winnipeg,"3199 Grant Ave, Winnipeg, MB R3R 1X2",No Address 2,(204) 889-3330,No Phone 2
131,https://www.google.com/search?q=Westman+Nursing+Home+Virden,Westman Nursing Home,Virden,"427 Frame St E, Virden, MB R0M 2C0",No Address 2,(204) 748-4335,No Phone 2
132,https://www.google.com/search?q=Westview+Lodge+Boissevain,Westview Lodge,Boissevain,"200 Struthers St, Boissevain, MB R0K 0E0",No Address 2,(204) 534-2455,No Phone 2
133,https://www.google.com/search?q=Whitemouth+District+Health+Centre+&+PCH+Whitemouth,Whitemouth District Health Centre & PCH,Whitemouth,No Address 1,"Henderson Ave, Whitemouth, MB R0E 2G0",No Phone 1,(204) 348-2291
134,https://www.google.com/search?q=Winnipegosis+&+District+PCH+Winnipeosis,Winnipegosis & District PCH,Winnipeosis,No Address 1,No Address 2,No Phone 1,No Phone 2
135,https://www.google.com/search?q=Abbeyfield+House+Dominion+City+Dominion+City,Abbeyfield House Dominion City,Dominion City,"Franklin Ave, Dominion City, MB R0A 0H0",No Address 2,No Phone 1,No Phone 2
136,https://www.google.com/search?q=Alstone+Lodge+Reston,Alstone Lodge,Reston,No Address 1,No Address 2,No Phone 1,No Phone 2
137,https://www.google.com/search?q=Amber+Meadow+Retirement+Residence+Winnipeg,Amber Meadow Retirement Residence,Winnipeg,"320 Pipeline Rd, Winnipeg, MB R2P 2X5",No Address 2,No Phone 1,(204) 633-5467
138,https://www.google.com/search?q=ArlingtonHaus+Apartments+Winnipeg,ArlingtonHaus Apartments,Winnipeg,"880 Arlington St, Winnipeg, MB R3E 2E4",No Address 2,(204) 783-3752,No Phone 2
139,https://www.google.com/search?q=Armstrong+Manor+Beausejour,Armstrong Manor,Beausejour,"27B Third St S, Beausejour, MB R0E 0C0",No Address 2,No Phone 1,No Phone 2
140,https://www.google.com/search?q=Assiniboine+Links+Winnipeg,Assiniboine Links,Winnipeg,No Address 1,"4025 Roblin Blvd, Winnipeg, MB R3R 3V5",No Phone 1,(204) 897-6854
141,https://www.google.com/search?q=Badger+County+Court+Cartwright,Badger County Court,Cartwright,No Address 1,No Address 2,No Phone 1,No Phone 2
142,https://www.google.com/search?q=Banner+County+Court+Russell,Banner County Court,Russell,"204 State St, Harrisburg, NE 69345, United States",No Address 2,No Phone 1,+1 800-788-9451
143,https://www.google.com/search?q=Bethel+Place+Winnipeg,Bethel Place,Winnipeg,"445 Stafford St #100, Winnipeg, MB R3M 3V9",No Address 2,No Phone 1,(204) 284-3762
144,https://www.google.com/search?q=Birchwood+Apts+Steinbach,Birchwood Apts,Steinbach,"6311 Gilbert Rd., Richmond, BC V7C 3V7",No Address 2,(604) 723-8161,No Phone 2
145,https://www.google.com/search?q=Bonny+Vista+Lodge+Lac+du+Bonnet,Bonny Vista Lodge,Lac du Bonnet,"75 McIntosh St E, Lac du Bonnet, MB R0E 1A0",No Address 2,+1 800-661-4663,No Phone 2
146,https://www.google.com/search?q=Bowsman+Community+Manor+Inc+Bowsman,Bowsman Community Manor Inc,Bowsman,No Address 1,No Address 2,No Phone 1,No Phone 2
147,https://www.google.com/search?q=Boyne+Towers+Carman,Boyne Towers,Carman,No Address 1,"120 4 Ave SW, Carman, MB R0G 0J0",No Phone 1,(204) 745-6715
148,https://www.google.com/search?q=Bridgepark+Manor+Steinbach,Bridgepark Manor,Steinbach,No Address 1,"330-340 Stone Bridge Cross, Steinbach, MB R5G 0X3",No Phone 1,No Phone 2
149,https://www.google.com/search?q=Brightwater+Senior+Living+of+Tuxedo+Winnipeg,Brightwater Senior Living of Tuxedo,Winnipeg,"741 Sterling Lyon Pkwy, Winnipeg, MB R3P 2S9",No Address 2,No Phone 1,(431) 800-6853
150,https://www.google.com/search?q=Buffalo+Apartments+Altona,Buffalo Apartments,Altona,"60 Buffalo Trail, Altona, MB R0G 0B2",No Address 2,(204) 324-7222,No Phone 2
151,https://www.google.com/search?q=Buffalo+Estates+Morden,Buffalo Estates,Morden,No Address 1,No Address 2,No Phone 1,No Phone 2
152,https://www.google.com/search?q=Cambridge+House+Selkirk,Cambridge House,Selkirk,No Address 1,No Address 2,No Phone 1,No Phone 2
153,https://www.google.com/search?q=Carberry+Plains+Lodge+Carberry,Carberry Plains Lodge,Carberry,"520 1st Ave, Carberry, MB R0K 0H0",No Address 2,No Phone 1,No Phone 2
154,https://www.google.com/search?q=Carlton+Centennial+Lodge+Strathclair,Carlton Centennial Lodge,Strathclair,"50 Saskatchewan St, Strathclair, MB R0J 2C0",No Address 2,No Phone 1,No Phone 2
155,https://www.google.com/search?q=Catherine+Place+Winnipeg,Catherine Place,Winnipeg,"190 Raymond Pl, Winnipeg, MB R2H 1C8",No Address 2,No Phone 1,(204) 231-0999
156,https://www.google.com/search?q=Centre+Courts+Altona,Centre Courts,Altona,"Altona, MB R0G 0B3",No Address 2,No Phone 1,No Phone 2
157,https://www.google.com/search?q=Chalet+Beausejour+Steinbach,Chalet Beausejour,Steinbach,No Address 1,No Address 2,No Phone 1,No Phone 2
158,https://www.google.com/search?q=Chalet+Malouin+Saint+Malo,Chalet Malouin,Saint Malo,No Address 1,No Address 2,No Phone 1,No Phone 2
159,https://www.google.com/search?q=Chalet+Ste+Agathe+Steinbach,Chalet Ste Agathe,Steinbach,No Address 1,(819) 326-5836,No Phone 1,No Phone 2
160,https://www.google.com/search?q=Concordia+Village+l+Winnipeg,Concordia Village l,Winnipeg,"1125 Molson St, Winnipeg, MB R2K 0A7",No Address 2,No Phone 1,(204) 667-6479
161,https://www.google.com/search?q=Concordia+Village+ll+Winnipeg,Concordia Village ll,Winnipeg,"1125 Molson St, Winnipeg, MB R2K 0A7",No Address 2,No Phone 1,(204) 667-6479
162,https://www.google.com/search?q=Concordia+Village+lll+Winnipeg,Concordia Village lll,Winnipeg,"1125 Molson St, Winnipeg, MB R2K 0A7",No Address 2,No Phone 1,(204) 667-6479
163,https://www.google.com/search?q=Crescent+Lodge+Gladstone,Crescent Lodge,Gladstone,No Address 1,No Address 2,No Phone 1,No Phone 2
164,https://www.google.com/search?q=Crescent+Manor+Souris,Crescent Manor,Souris,"114 Second St S, Souris, MB R0K 2C0",No Address 2,No Phone 1,No Phone 2
165,https://www.google.com/search?q=Crestview+Onanole,Crestview,Onanole,No Address 1,No Address 2,No Phone 1,No Phone 2
166,https://www.google.com/search?q=Cypress+River+Lodge+Cypress+River,Cypress River Lodge,Cypress River,"134 Railway Ave, Cypress River, MB R0K 0P0",No Address 2,No Phone 1,No Phone 2
167,https://www.google.com/search?q=Dakota+House+Winnipeg,Dakota House,Winnipeg,"1145 Dakota St, Winnipeg, MB R2N 0A4",No Address 2,(204) 663-4983,No Phone 2
168,https://www.google.com/search?q=Deloraine+Enriched+Housing+Corp+Deloraine,Deloraine Enriched Housing Corp,Deloraine,"502 S Railway Ave W, Deloraine, MB R0M 0M0",No Address 2,(204) 747-2717,No Phone 2
169,https://www.google.com/search?q=Devonshire+House+l+(Homestead)+Winnipeg,Devonshire House l (Homestead),Winnipeg,"75 Kildonan Green Dr, Winnipeg, MB R3W 0E1",No Address 2,(204) 667-2412,No Phone 2
170,https://www.google.com/search?q=Devonshire+House+ll+(Homestead)+Winnipeg,Devonshire House ll (Homestead),Winnipeg,"75 Kildonan Green Dr, Winnipeg, MB R3W 0E1",No Address 2,(204) 667-2412,No Phone 2
171,https://www.google.com/search?q=Donwood+Manor+Elderly+Persons+Housing+Inc.+Winnipeg,Donwood Manor Elderly Persons Housing Inc.,Winnipeg,"165 Donwood Dr, Winnipeg, MB R2G 2H9",No Address 2,No Phone 1,(204) 668-4410
172,https://www.google.com/search?q=Donwood+South+Winnipeg,Donwood South,Winnipeg,"1245 Henderson Hwy, Winnipeg, MB R2G 1M1",No Address 2,(204) 338-8688,No Phone 2
173,https://www.google.com/search?q=Donwood+West+Winnipeg,Donwood West,Winnipeg,"1460 Portage Ave, Winnipeg, MB R3G 3M9",No Address 2,(204) 783-8045,No Phone 2
174,https://www.google.com/search?q=Dowland+Manor+Minto,Dowland Manor,Minto,"121 Johnson St, Minto, MB R0K 1M0",No Address 2,No Phone 1,No Phone 2
175,https://www.google.com/search?q=Duck+Mountain+Lodge+Swan+River,Duck Mountain Lodge,Swan River,"300 7 Ave S, Swan River, MB R0L 1Z0",No Address 2,No Phone 1,No Phone 2
176,https://www.google.com/search?q=Dufferin+Court+Emerson,Dufferin Court,Emerson,No Address 1,No Address 2,No Phone 1,No Phone 2
177,https://www.google.com/search?q=Eastern+Star+Chalet+Winnipeg,Eastern Star Chalet,Winnipeg,"79-525 Cathcart St, Winnipeg, MB R3R 0S6",No Address 2,(204) 889-3687,No Phone 2
178,https://www.google.com/search?q=Eddystone+Villa+Eddystone,Eddystone Villa,Eddystone,No Address 1,No Address 2,No Phone 1,No Phone 2
179,https://www.google.com/search?q=Elks+Legion+Court+Russell,Elks Legion Court,Russell,No Address 1,No Address 2,No Phone 1,No Phone 2
180,https://www.google.com/search?q=Elkview+Lodge+Elkhorn,Elkview Lodge,Elkhorn,No Address 1,(250) 423-9034,No Phone 1,No Phone 2
181,https://www.google.com/search?q=Ellice+Place+Winnipeg,Ellice Place,Winnipeg,"555 Ellice Ave, Winnipeg, MB R3B 2S4",No Address 2,(204) 948-2328,No Phone 2
182,https://www.google.com/search?q=Evergreen+Lodge+Dugald,Evergreen Lodge,Dugald,"735 Dugald Rd, Dugald, MB R0E 0K0",No Address 2,(204) 996-5441,No Phone 2
183,https://www.google.com/search?q=Evergreen+Place+Virden,Evergreen Place,Virden,"257 Hargrave St, Virden, MB R0M 2C0",No Address 2,(204) 748-2781,No Phone 2
184,https://www.google.com/search?q=Fairhaven+Apartments+Swan+River,Fairhaven Apartments,Swan River,No Address 1,No Address 2,No Phone 1,No Phone 2
185,https://www.google.com/search?q=Fernwood+Place+Steinbach,Fernwood Place,Steinbach,"303 Third St, Steinbach, MB R5G 1K1",No Address 2,No Phone 1,(204) 326-2002
186,https://www.google.com/search?q=Foyer+Chategauguay+Home+St.+George,Foyer Chategauguay Home,St. George,No Address 1,No Address 2,No Phone 1,No Phone 2
187,https://www.google.com/search?q=Foyer+Vincent+Inc.+Winnipeg,Foyer Vincent Inc.,Winnipeg,"200 Horace St, Winnipeg, MB R2H 0W5",No Address 2,No Phone 1,(204) 233-1925
188,https://www.google.com/search?q=Franklin+Manor+Dominion+City,Franklin Manor,Dominion City,No Address 1,No Address 2,No Phone 1,No Phone 2
189,https://www.google.com/search?q=Fred+Douglas+Apartments+Winnipeg,Fred Douglas Apartments,Winnipeg,"1725 Burrows Ave, Winnipeg, MB R2X 0T4",No Address 2,(204) 944-2911,No Phone 2
190,https://www.google.com/search?q=Fred+Douglas+Courts+Winnipeg,Fred Douglas Courts,Winnipeg,No Address 1,"1275 Burrows Ave, Winnipeg, MB R2X 0B8",No Phone 1,No Phone 2
191,https://www.google.com/search?q=Friendship+Manor+Altona,Friendship Manor,Altona,No Address 1,No Address 2,No Phone 1,No Phone 2
192,https://www.google.com/search?q=Garden+Park+Estates+Winkler,Garden Park Estates,Winkler,No Address 1,No Address 2,No Phone 1,No Phone 2
193,https://www.google.com/search?q=Gateway+Manor+Inc.+Teulon,Gateway Manor Inc.,Teulon,"169 Beach Rd, Teulon, MB R0C 3B0",No Address 2,(204) 886-2298,No Phone 2
194,https://www.google.com/search?q=Glen+Haven+Manor+Glenboro,Glen Haven Manor,Glenboro,No Address 1,No Address 2,No Phone 1,No Phone 2
195,https://www.google.com/search?q=Grunthal+Homes+Steinbach,Grunthal Homes,Steinbach,No Address 1,No Address 2,No Phone 1,No Phone 2
196,https://www.google.com/search?q=Harmony+House+Thompson,Harmony House,Thompson,No Address 1,No Address 2,No Phone 1,No Phone 2
197,https://www.google.com/search?q=Harrison+House+Newdale,Harrison House,Newdale,No Address 1,No Address 2,No Phone 1,No Phone 2
198,https://www.google.com/search?q=Heritage+Apts+Winkler,Heritage Apts,Winkler,No Address 1,No Address 2,No Phone 1,No Phone 2
199,https://www.google.com/search?q=Heritage+Manor+Swan+Riveer,Heritage Manor,Swan Riveer,No Address 1,No Address 2,No Phone 1,No Phone 2
200,https://www.google.com/search?q=Heritage+Seniors+Housing+Independent+Living+with+Seniors+Rosenort,Heritage Seniors Housing Independent Living with Seniors,Rosenort,No Address 1,No Address 2,No Phone 1,No Phone 2
201,https://www.google.com/search?q=Hill+View+Lodge+Austin,Hill View Lodge,Austin,No Address 1,No Address 2,No Phone 1,No Phone 2
202,https://www.google.com/search?q=Hillcrest+Manor+Winkler,Hillcrest Manor,Winkler,No Address 1,No Address 2,No Phone 1,No Phone 2
203,https://www.google.com/search?q=Hobbs+Manor+Brandon,Hobbs Manor,Brandon,No Address 1,No Address 2,No Phone 1,No Phone 2
204,https://www.google.com/search?q=Homestead+Manitoba+Ltd+Winnipeg,Homestead Manitoba Ltd,Winnipeg,No Address 1,No Address 2,No Phone 1,No Phone 2
205,https://www.google.com/search?q=Homestead+South+Morden+Morden,Homestead South Morden,Morden,No Address 1,No Address 2,No Phone 1,No Phone 2
206,https://www.google.com/search?q=House+of+Hope+&+Mary+Thorararinson+Arborg,House of Hope & Mary Thorararinson,Arborg,No Address 1,No Address 2,No Phone 1,No Phone 2
207,https://www.google.com/search?q=Icelandic+River+Lodge+Independent+Living+Riverton,Icelandic River Lodge Independent Living,Riverton,No Address 1,No Address 2,No Phone 1,No Phone 2
208,https://www.google.com/search?q=Inglis+Retirement+Home+Inglis,Inglis Retirement Home,Inglis,No Address 1,No Address 2,No Phone 1,No Phone 2
209,https://www.google.com/search?q=Isabel+Avenue+West+Kelwood,Isabel Avenue West,Kelwood,No Address 1,No Address 2,No Phone 1,No Phone 2
210,https://www.google.com/search?q=Kildonan+House+Winnipeg,Kildonan House,Winnipeg,No Address 1,No Address 2,No Phone 1,No Phone 2
211,https://www.google.com/search?q=Kin+Glen+Home+Portage+La+Prairie,Kin Glen Home,Portage La Prairie,"104 3 St NW, Portage la Prairie, MB R1N 2C2",No Address 2,(204) 857-6431,No Phone 2
212,https://www.google.com/search?q=Legion+House+1+Morden,Legion House 1,Morden,"265 N Railway St, Morden, MB R6M 1W4",No Address 2,No Phone 1,(204) 823-4588
213,https://www.google.com/search?q=Legion+House+2+Morden,Legion House 2,Morden,"265 N Railway St, Morden, MB R6M 1W4",No Address 2,No Phone 1,(204) 823-4588
214,https://www.google.com/search?q=Legion+Place+Retirement+Home+Gladstone,Legion Place Retirement Home,Gladstone,"west, 83 Dennis St, Gladstone, MB R0J 0T0",No Address 2,(204) 385-2305,No Phone 2
215,https://www.google.com/search?q=Lindenwood+Manor+Winnipeg,Lindenwood Manor,Winnipeg,No Address 1,"475 Lindenwood Dr E, Winnipeg, MB R3P 1N3",No Phone 1,(204) 475-9990
216,https://www.google.com/search?q=Lindenwood+Terrace+Winnipeg,Lindenwood Terrace,Winnipeg,No Address 1,"490 Lindenwood Dr E, Winnipeg, MB R3P 0Y5",No Phone 1,(204) 489-2112
217,https://www.google.com/search?q=Lions+Manor+Winnipeg,Lions Manor,Winnipeg,"320 Sherbrook St, Winnipeg, MB R3B 2W6",No Address 2,No Phone 1,(204) 784-1240
218,https://www.google.com/search?q=Lorray+Manor+Parkland+Assisted+Living+Inc+Dauphin,Lorray Manor Parkland Assisted Living Inc,Dauphin,"405 6 Ave SE, Dauphin, MB R7N 2C9",No Address 2,No Phone 1,(204) 638-4842
219,https://www.google.com/search?q=Manoir+De+La+Cathedrale+Manor+Winnipeg,Manoir De La Cathedrale Manor,Winnipeg,"321 Av. de la Cathedrale, Winnipeg, MB R2H 0A3",No Address 2,(204) 231-2277,No Phone 2
220,https://www.google.com/search?q=Marv+Elks+Memorial+Home+Winnipegosis,Marv Elks Memorial Home,Winnipegosis,No Address 1,No Address 2,No Phone 1,No Phone 2
221,https://www.google.com/search?q=Mary+Thorarinson+Estates+Arborg,Mary Thorarinson Estates,Arborg,No Address 1,"341 Ingolfs St, Arborg, MB R0C 0A0",No Phone 1,(204) 376-3087
222,https://www.google.com/search?q=Metropolitan+Kiwanis+Courts+Winnipeg,Metropolitan Kiwanis Courts,Winnipeg,"2300 Ness Ave, Winnipeg, MB R3J 1A8",No Address 2,(204) 885-7700,No Phone 2
223,https://www.google.com/search?q=Neepawa+Elks+Manor+Neepawa,Neepawa Elks Manor,Neepawa,"525 1 Ave, Neepawa, MB R0J 1H0",No Address 2,(204) 476-2112,No Phone 2
224,https://www.google.com/search?q=Parkissimo+Lodge+Inc+Miniota,Parkissimo Lodge Inc,Miniota,"156 N Railway Ave, Miniota, MB R0M 1M0",No Address 2,(204) 567-3713,No Phone 2
225,https://www.google.com/search?q=Parkview+Apartments+Steinbach,Parkview Apartments,Steinbach,"299 Kroeker Ave, Steinbach, MB R5G 1K4",No Address 2,(204) 371-1721,No Phone 2
226,https://www.google.com/search?q=Portsmouth+Retirement+Residence+Winnipeg,Portsmouth Retirement Residence,Winnipeg,No Address 1,"125 Portsmouth Blvd, Winnipeg, MB R3P 2M3",No Phone 1,No Phone 2
227,https://www.google.com/search?q=River+Ridge+l+Retirement+Residence+(All+Seniors+Care)+Winnipeg,River Ridge l Retirement Residence (All Seniors Care),Winnipeg,"2701 Scotia St, Winnipeg, MB R2V 5A5",No Address 2,No Phone 1,(204) 586-2273
228,https://www.google.com/search?q=River+Ridge+ll+Retirement+Residence+(All+Seniors+Care)+Winnipeg,River Ridge ll Retirement Residence (All Seniors Care),Winnipeg,"2701 Scotia St, Winnipeg, MB R2V 5A5",No Address 2,No Phone 1,(204) 586-2273
229,https://www.google.com/search?q=Riverheights+Terrace+Brandon,Riverheights Terrace,Brandon,"4525 Victoria Ave, Brandon, MB R7B 4A6",No Address 2,No Phone 1,(204) 725-2225
230,https://www.google.com/search?q=Riverside+lions+Senior+Residences+Winnipeg,Riverside lions Senior Residences,Winnipeg,"180 Worthington Ave, Winnipeg, MB R2M 1S4",No Address 2,No Phone 1,(204) 255-8940
231,https://www.google.com/search?q=Riverwood+Square+-+The+Landing+Winnipeg,Riverwood Square - The Landing,Winnipeg,"1778 Pembina Hwy, Winnipeg, MB R3T 1R2",No Address 2,No Phone 1,(204) 275-7632
232,https://www.google.com/search?q=Rorketon+Retirement+Home+Rorketon,Rorketon Retirement Home,Rorketon,No Address 1,No Address 2,No Phone 1,No Phone 2
233,https://www.google.com/search?q=Rotary+Place+Thompson,Rotary Place,Thompson,No Address 1,No Address 2,No Phone 1,No Phone 2
234,https://www.google.com/search?q=Rotary+Villas+at+Crocus+Gardens+Brandon,Rotary Villas at Crocus Gardens,Brandon,No Address 1,"1340 10th St, Brandon, MB R7A 6Z3",No Phone 1,No Phone 2
235,https://www.google.com/search?q=Seine+River+Retirement+Residence+(All+Seniors+Care)+Winnipeg,Seine River Retirement Residence (All Seniors Care),Winnipeg,"1015 St Anne's Rd, Winnipeg, MB R2N 0E6",No Address 2,No Phone 1,(204) 256-8877
236,https://www.google.com/search?q=Selkirk+Lions+Centre+2 +Selkirk,Selkirk Lions Centre 2 ,Selkirk,"320 Christie Av, Selkirk, MB R1A 2L6",No Address 2,No Phone 1,(204) 482-3949
237,https://www.google.com/search?q=Shaftesbury+Park+Retirement+Residence+(All+Seniors+Care)+Winnipeg,Shaftesbury Park Retirement Residence (All Seniors Care),Winnipeg,"905 Shaftesbury Blvd, Winnipeg, MB R3P 0Y3",No Address 2,No Phone 1,(204) 885-7272
238,https://www.google.com/search?q=Sokol+Manor+Inc+Brandon,Sokol Manor Inc,Brandon,"30 13th St N, Brandon, MB R7A 6T1",No Address 2,No Phone 1,(204) 725-0629
239,https://www.google.com/search?q=Springfield+Place+-+Independent+Living+Oakbank,Springfield Place - Independent Living,Oakbank,"628 Main St, Oakbank, MB R0E 1J0",No Address 2,(204) 444-3132,No Phone 2
240,https://www.google.com/search?q=Spruce+Manor+Dauphin,Spruce Manor,Dauphin,"14 6 Ave NW, Dauphin, MB R7N 1J6",No Address 2,(204) 638-5947,No Phone 2
241,https://www.google.com/search?q=St+Georges+Place+Dauphin,St Georges Place,Dauphin,"100 Cruise Crescent, Dauphin, MB R7N 3L6",No Address 2,(204) 638-3041,No Phone 2
242,https://www.google.com/search?q=St+Johns+Haven+Inc+Winnipeg,St Johns Haven Inc,Winnipeg,"1015 Grant Avenue, Winnipeg, MB R3M 1Y3",No Address 2,(204) 284-2422,No Phone 2
243,https://www.google.com/search?q=Sterling+House+Winnipeg,Sterling House,Winnipeg,"909 Wilkes Ave, Winnipeg, MB R3P 2S5",No Address 2,(204) 489-4745,No Phone 2
244,https://www.google.com/search?q=Stonewall+and+District+Lion+Manor+Stonewall,Stonewall and District Lion Manor,Stonewall,"622 Centre av, Stonewall, MB R0C 2Z0",No Address 2,No Phone 1,(204) 467-8531
245,https://www.google.com/search?q=Stony+Plains+Place+Beausejour,Stony Plains Place,Beausejour,"5020 52 Ave, Beaumont, AB T4X 1P3",No Address 2,No Phone 1,(780) 929-9889
246,https://www.google.com/search?q=Strathcona+Belcrest+Manor+Belmont,Strathcona Belcrest Manor,Belmont,No Address 1,No Address 2,No Phone 1,No Phone 2
247,https://www.google.com/search?q=Sturegon+Creek+l+Retirement+Residence+(All+Seniors+Care)+Winnipeg,Sturegon Creek l Retirement Residence (All Seniors Care),Winnipeg,"707 Setter St, Winnipeg, MB R2Y 0A4",No Address 2,No Phone 1,(204) 885-0303
248,https://www.google.com/search?q=Sturegon+Creek+ll+Retirement+Residence+(All+Seniors+Care)+Winnipeg,Sturegon Creek ll Retirement Residence (All Seniors Care),Winnipeg,"707 Setter St, Winnipeg, MB R2Y 0A4",No Address 2,No Phone 1,(204) 885-0303
249,https://www.google.com/search?q=The+Boulton+Retirement+Residence +Winnipeg,The Boulton Retirement Residence ,Winnipeg,"45 Boulton Bay, Winnipeg, MB R3N 2C3",No Address 2,No Phone 1,(204) 475-4500
250,https://www.google.com/search?q=The+Gardens+on+Tenth+-+The+Apartments+Altona,The Gardens on Tenth - The Apartments,Altona,"140 10 Ave NE, Altona, MB R0G 0B0",No Address 2,No Phone 1,(204) 324-8945
251,https://www.google.com/search?q=The+Gardens+on+Tenth+-+The+Gardens+Altona,The Gardens on Tenth - The Gardens,Altona,"140 10 Ave NE, Altona, MB R0G 0B0",No Address 2,No Phone 1,(204) 324-8945
252,https://www.google.com/search?q=The+Gardens+on+Tenth+-+The+Manor+Altona,The Gardens on Tenth - The Manor,Altona,"140 10 Ave NE, Altona, MB R0G 0B0",No Address 2,No Phone 1,(204) 324-8945
253,https://www.google.com/search?q=The+Gardens+on+Tenth+-+The+Units+Altona,The Gardens on Tenth - The Units,Altona,"140 10 Ave NE, Altona, MB R0G 0B0",No Address 2,No Phone 1,(204) 324-8945
254,https://www.google.com/search?q=The+Ironwood+Independent+Living+Pinawa,The Ironwood Independent Living,Pinawa,"40 Vanier Ave, Pinawa, MB R0E 1L0",No Address 2,No Phone 1,No Phone 2
255,https://www.google.com/search?q=The+Parkway+Retirement+Community+Winnipeg,The Parkway Retirement Community,Winnipeg,"85 Paget St, Winnipeg, MB R3P 0Y8",No Address 2,(204) 487-8500,No Phone 2
256,https://www.google.com/search?q=The+Waverley+Retirement+Living+Winnipeg,The Waverley Retirement Living,Winnipeg,No Address 1,"857 Wilkes Ave, Winnipeg, MB R3P 2M2",No Phone 1,No Phone 2
257,https://www.google.com/search?q=The+Wellington+Retirement+Living+Winnipeg,The Wellington Retirement Living,Winnipeg,No Address 1,"3161 Grant Ave, Winnipeg, MB R3R 3R1",No Phone 1,No Phone 2
258,https://www.google.com/search?q=The+Westhaven+Winnipeg,The Westhaven,Winnipeg,"3033 Portage Ave, Winnipeg, MB R3K 2E3",No Address 2,No Phone 1,(204) 831-6742
259,https://www.google.com/search?q=Victoria+Landing+Retirement+Residence+(All+Seniors+Care)+Brandon,Victoria Landing Retirement Residence (All Seniors Care),Brandon,"10 Victoria Ave E, Brandon, MB R7A 1Y8",No Address 2,No Phone 1,(204) 571-6000
260,https://www.google.com/search?q=Villa+Aulneau+Winnipeg,Villa Aulneau,Winnipeg,"601 Rue Aulneau #10, Winnipeg, MB R2H 2V5",No Address 2,No Phone 1,(204) 594-6300
261,https://www.google.com/search?q=Villa+Cabrini+Inc+WInnipeg,Villa Cabrini Inc,WInnipeg,"433 River Ave, Winnipeg, MB R3L 2V1",No Address 2,No Phone 1,(204) 284-2880
262,https://www.google.com/search?q=Villa+Youville+Ste.+Anne,Villa Youville,Ste. Anne,"15 Charrière Rd, Ste Anne, MB R5H 1C9",No Address 2,No Phone 1,(204) 422-5624
263,https://www.google.com/search?q=Visions+of+Independence+-+St.+Claude+Group+Home+St.+Claude,Visions of Independence - St. Claude Group Home,St. Claude,No Address 1,No Address 2,No Phone 1,No Phone 2
264,https://www.google.com/search?q=Woodland+Courts+Selkirk,Woodland Courts,Selkirk,"387 Annie St, Selkirk, MB R1A 3Y8",No Address 2,(204) 785-1066,No Phone 2
265,https://www.google.com/search?q=ArlingtonHaus+Winnipeg,ArlingtonHaus,Winnipeg,"880 Arlington St, Winnipeg, MB R3E 2E4",No Address 2,(204) 783-3752,No Phone 2
266,https://www.google.com/search?q=Cedarwood+Supportive+Housing+Steinbach,Cedarwood Supportive Housing,Steinbach,"510 Wilson St, Steinbach, MB R5G 0H2",No Address 2,(204) 326-2310,No Phone 2
267,https://www.google.com/search?q=Chalet+Malouin+Supportive+Housing+Saint+Malo,Chalet Malouin Supportive Housing,Saint Malo,"14 Rue St Hilaire, Saint Malo, MB R0A 1T0",No Address 2,No Phone 1,(204) 347-5753
268,https://www.google.com/search?q=Chez+Nous+Winnipeg,Chez Nous,Winnipeg,"187 Av. de la Cathedrale, Winnipeg, MB R2H 3C6",No Address 2,(204) 233-7761,No Phone 2
269,https://www.google.com/search?q=Fred+Douglas+Heritage+House+Winnipeg,Fred Douglas Heritage House,Winnipeg,No Address 1,No Address 2,No Phone 1,No Phone 2
270,https://www.google.com/search?q=Greendale+Estate+Supportive+Housing+Grunthal,Greendale Estate Supportive Housing,Grunthal,"231 Park St, Grunthal, MB R0A 0R0",No Address 2,(204) 434-6928,No Phone 2
271,https://www.google.com/search?q=Happy+Haven+Home+Dauphin,Happy Haven Home,Dauphin,"116 Whitmore Ave W, Dauphin, MB R7N 2S7",No Address 2,No Phone 1,No Phone 2
272,https://www.google.com/search?q=Home+of+Hope+Arborg,Home of Hope,Arborg,No Address 1,"MB-68, Arborg, MB R0C 0A0",No Phone 1,(204) 376-3494
273,https://www.google.com/search?q=Icelandic+River+Lodge+Supportive+Housing+Riverton,Icelandic River Lodge Supportive Housing,Riverton,"Riverton, MB R0C 2R0",No Address 2,No Phone 1,(204) 378-2937
274,https://www.google.com/search?q=Irene+Baron+Eden+Centre+Winnipeg,Irene Baron Eden Centre,Winnipeg,"1385 Molson St, Winnipeg, MB R2K 1E4",No Address 2,(204) 667-7747,No Phone 2
275,https://www.google.com/search?q=Lions+Supportive+Housing+Winnipeg,Lions Supportive Housing,Winnipeg,No Address 1,No Address 2,No Phone 1,No Phone 2
276,https://www.google.com/search?q=Mary+Thorararinson+Arborg,Mary Thorararinson,Arborg,No Address 1,No Address 2,No Phone 1,No Phone 2
277,https://www.google.com/search?q=Neil+Gaudry+Centre+St.+Laurent,Neil Gaudry Centre,St. Laurent,No Address 1,No Address 2,No Phone 1,No Phone 2
278,https://www.google.com/search?q=Niverville+Credit+Union+Manor+Supportive+Housing+Niverville,Niverville Credit Union Manor Supportive Housing,Niverville,No Address 1,No Address 2,No Phone 1,No Phone 2
279,https://www.google.com/search?q=Residence+Despins+Supportive+Housing+Winnipeg,Residence Despins Supportive Housing,Winnipeg,"151 Rue Despins, Winnipeg, MB R2H 0L7",No Address 2,(204) 480-2900,No Phone 2
280,https://www.google.com/search?q=Riverside+Lions+Supportive+Housing+Winnipeg,Riverside Lions Supportive Housing,Winnipeg,"188 Worthington Ave, Winnipeg, MB R2M 5K1",No Address 2,(204) 255-8940,No Phone 2
281,https://www.google.com/search?q=Riverwood+Square+-+Harmony+Court+Winnipeg,Riverwood Square - Harmony Court,Winnipeg,"1778 Pembina Hwy, Winnipeg, MB R3T 1R2",No Address 2,No Phone 1,(204) 275-7632
282,https://www.google.com/search?q=Rosewood+Supportive+Housing+Winnipeg,Rosewood Supportive Housing,Winnipeg,No Address 1,"857 Wilkes Ave, Winnipeg, MB R3P 2M2",No Phone 1,No Phone 2
283,https://www.google.com/search?q=Sokol+Supportive+Housing+Brandon,Sokol Supportive Housing,Brandon,"30 13th St N, Brandon, MB R7A 6T1",No Address 2,No Phone 1,(204) 725-0629
284,https://www.google.com/search?q=Springfield+Place+-+Supportive+Housing+Oakbank ,Springfield Place - Supportive Housing,Oakbank ,"628 Main St, Oakbank, MB R0E 1J0",No Address 2,(204) 444-3132,No Phone 2
285,https://www.google.com/search?q=Stony+Plains+Terrace+Supportive+Housing+Beausejour,Stony Plains Terrace Supportive Housing,Beausejour,"606 James Ave, Beausejour, MB R0E 0C0",No Address 2,No Phone 1,No Phone 2
286,https://www.google.com/search?q=The+Gardens+on+Tenth+-+Supportive+Housing+Altona,The Gardens on Tenth - Supportive Housing,Altona,"140 10 Ave NE, Altona, MB R0G 0B0",No Address 2,No Phone 1,(204) 324-8945
287,https://www.google.com/search?q=The+Ironwood+Supportive+Housing+Pinawa,The Ironwood Supportive Housing,Pinawa,"40 Vanier Ave, Pinawa, MB R0E 1L0",No Address 2,No Phone 1,No Phone 2
288,https://www.google.com/search?q=Thorvaldson+Care+Centre+Winnipeg,Thorvaldson Care Centre,Winnipeg,"495 Stradbrook Ave, Winnipeg, MB R3L 0K2",No Address 2,(204) 452-4044,No Phone 2
289,https://www.google.com/search?q=Villa+Youville+Inc+Ste.+Anne,Villa Youville Inc,Ste. Anne,"15 Charrière Rd, Ste Anne, MB R5H 1C9",No Address 2,No Phone 1,(204) 422-5624
290,https://www.google.com/search?q=Windsor+Park+Place+Winnipeg,Windsor Park Place,Winnipeg,"875 Elizabeth Rd, Winnipeg, MB R2J 3K6",No Address 2,No Phone 1,No Phone 2
291,https://www.google.com/search?q=Yellowhead+Manor+Neepawa,Yellowhead Manor,Neepawa,"310 Davidson St, Neepawa, MB R0J 1H0",No Address 2,(204) 476-2808,No Phone 2
